{"cameraMode":{"drawMode":0,"name":"Shaded","section":"Shading Mode"},"sceneLighting":false,"audioPlay":false,"sceneViewState":{"m_AlwaysRefresh":false,"showFog":true,"showSkybox":false,"showFlares":true,"showImageEffects":true,"showParticleSystems":true,"showVisualEffectGraphs":true,"m_FxEnabled":true},"in2DMode":false,"pivot":{"x":7.376111030578613,"y":-16.373401641845704,"z":28.09461212158203},"rotation":{"x":0.2151130586862564,"y":0.12760883569717408,"z":-0.028357136994600297,"w":0.9678174257278442},"size":23.887027740478517,"orthographic":false}